{"train_loss": [1.2517932653427124, 0.4553382992744446, 0.34855061769485474, 0.2685348391532898, 0.24654489755630493, 0.24451789259910583, 0.22644098103046417, 0.22231942415237427, 0.2315271645784378, 0.21578817069530487, 0.32940152287483215, 0.26097360253334045, 0.21424177289009094, 0.21373619139194489, 0.19215093553066254, 0.19404804706573486, 0.2054356187582016, 0.24075469374656677, 0.19745051860809326, 0.19314821064472198, 0.20583446323871613, 0.19803105294704437, 0.2679605484008789, 0.3219817280769348, 0.25519099831581116, 0.22719623148441315, 0.22386789321899414, 0.19375856220722198, 0.20839832723140717, 0.19388315081596375, 0.20586134493350983, 0.2000952810049057, 0.18546950817108154, 0.1740027368068695, 0.20358054339885712, 0.20376518368721008, 0.18107359111309052, 0.21120110154151917, 0.194212406873703, 0.21341584622859955, 0.17035682499408722, 0.20549805462360382, 0.17154166102409363, 0.1925913393497467, 0.20098643004894257, 0.20451503992080688, 0.2987406253814697, 0.18754799664020538, 0.17129866778850555, 0.24759992957115173, 0.16271215677261353, 0.17695850133895874, 0.17998415231704712, 0.17313507199287415, 0.3291783034801483, 0.3764151632785797, 0.6009029746055603, 0.28123870491981506, 0.20724354684352875, 0.22917014360427856, 0.18728692829608917, 0.22678302228450775, 0.18268315494060516, 0.1780172884464264, 0.20463736355304718, 0.20205789804458618, 0.21942178905010223, 0.19484156370162964, 0.20019292831420898, 0.17445848882198334, 0.17756976187229156, 0.18443329632282257, 0.16858220100402832, 0.17612102627754211, 0.21811020374298096, 0.2212507575750351, 0.1737690269947052, 0.2029777467250824, 0.16664986312389374, 0.16573046147823334, 0.16815125942230225, 0.1687823385000229, 0.15611472725868225, 0.1724119484424591, 0.25771796703338623, 0.19593913853168488, 0.1773812621831894, 0.19147445261478424, 0.18783247470855713, 0.16465692222118378, 0.19210185110569, 0.19050383567810059, 0.17600750923156738, 0.15455512702465057, 0.18230563402175903, 0.283755898475647, 0.19129493832588196, 0.16471266746520996, 0.1562211811542511, 0.2954227030277252], "train_binary_crossentropy": [3.9410135746002197, 1.891666293144226, 1.4282726049423218, 1.2449594736099243, 1.1801561117172241, 1.2083953619003296, 1.214397668838501, 1.2749855518341064, 1.3051748275756836, 1.1648308038711548, 1.6618889570236206, 1.2015330791473389, 1.1632826328277588, 1.1107114553451538, 1.1546580791473389, 1.2003167867660522, 0.9988574981689453, 0.8783286213874817, 1.0626473426818848, 1.1777288913726807, 0.8473743796348572, 0.988612949848175, 1.239619493484497, 1.4410475492477417, 1.1022965908050537, 1.0703274011611938, 1.0909653902053833, 1.3224084377288818, 1.062367558479309, 1.004450798034668, 1.129639744758606, 1.0004056692123413, 0.9585287570953369, 0.8519768714904785, 1.1803871393203735, 0.9135085940361023, 1.0335522890090942, 1.040237307548523, 0.962897002696991, 0.9958875775337219, 0.9462944269180298, 1.1439743041992188, 0.9673829674720764, 1.0677489042282104, 1.190191626548767, 1.1554609537124634, 1.4568101167678833, 1.0787500143051147, 0.8807526230812073, 1.1425893306732178, 0.8628242611885071, 0.9605685472488403, 0.9216297268867493, 0.920810878276825, 1.6165980100631714, 1.4264436960220337, 2.074632406234741, 1.348861575126648, 1.0248703956604004, 1.1709173917770386, 1.1450579166412354, 1.038562297821045, 0.908481240272522, 0.8142992854118347, 1.1053613424301147, 1.0786479711532593, 1.032996654510498, 1.150420069694519, 0.9436134099960327, 1.0635111331939697, 0.8427916169166565, 1.1053160429000854, 0.8012087941169739, 0.9328742027282715, 1.186797857284546, 1.306818962097168, 0.8265169858932495, 1.0201400518417358, 0.9619660973548889, 0.8123325109481812, 0.9348480105400085, 0.8787719011306763, 0.9117887616157532, 0.875314474105835, 1.1847950220108032, 1.1601649522781372, 0.8598266243934631, 1.1546969413757324, 1.0667216777801514, 0.9055179357528687, 0.9433503150939941, 1.160122036933899, 0.9274774789810181, 0.850193202495575, 0.9881990551948547, 1.4428324699401855, 0.9228991866111755, 0.905998706817627, 0.9531846046447754, 1.5152990818023682], "train_binary_accuracy": [0.6934673190116882, 0.839195966720581, 0.8919597864151001, 0.9045225977897644, 0.8944723606109619, 0.8919597864151001, 0.9020100235939026, 0.9020100235939026, 0.9020100235939026, 0.9045225977897644, 0.8693467378616333, 0.9020100235939026, 0.8969849348068237, 0.9045225977897644, 0.9120603203773499, 0.9045225977897644, 0.9221105575561523, 0.927135705947876, 0.927135705947876, 0.9145728349685669, 0.9221105575561523, 0.927135705947876, 0.8944723606109619, 0.8819095492362976, 0.9145728349685669, 0.9120603203773499, 0.9120603203773499, 0.9070351719856262, 0.9221105575561523, 0.9145728349685669, 0.9070351719856262, 0.9195979833602905, 0.9246231317520142, 0.929648220539093, 0.9145728349685669, 0.929648220539093, 0.9195979833602905, 0.9195979833602905, 0.927135705947876, 0.927135705947876, 0.929648220539093, 0.9145728349685669, 0.9195979833602905, 0.9145728349685669, 0.909547746181488, 0.9120603203773499, 0.8944723606109619, 0.9120603203773499, 0.929648220539093, 0.909547746181488, 0.9221105575561523, 0.9170854091644287, 0.927135705947876, 0.9246231317520142, 0.8693467378616333, 0.8743718862533569, 0.8316583037376404, 0.8844221234321594, 0.9246231317520142, 0.9020100235939026, 0.9120603203773499, 0.9170854091644287, 0.9170854091644287, 0.927135705947876, 0.9170854091644287, 0.9145728349685669, 0.9020100235939026, 0.9170854091644287, 0.9170854091644287, 0.9070351719856262, 0.929648220539093, 0.9045225977897644, 0.9170854091644287, 0.9221105575561523, 0.9120603203773499, 0.8994975090026855, 0.9221105575561523, 0.9170854091644287, 0.9145728349685669, 0.929648220539093, 0.9246231317520142, 0.9195979833602905, 0.9321607947349548, 0.929648220539093, 0.9120603203773499, 0.9145728349685669, 0.9170854091644287, 0.9120603203773499, 0.9195979833602905, 0.9221105575561523, 0.9170854091644287, 0.909547746181488, 0.9246231317520142, 0.929648220539093, 0.9246231317520142, 0.8844221234321594, 0.9246231317520142, 0.9145728349685669, 0.9246231317520142, 0.876884400844574],